{
  "type": "Pipeline",
  "steps": [
    {
      "type": "Log1pSafe",
      "columns": [
        0
      ],
      "n_features": 4
    },
    {
      "type": "StandardScalerSafe",
      "eps": 1e-12,
      "n_features": 4,
      "mu": [
        1.8770811213011585,
        0.020256269464522293,
        -0.04262456742806944,
        5.0
      ],
      "sigma": [
        0.7843831023184195,
        0.9783470203386954,
        1.0198428411601093,
        1.0
      ]
    }
  ]
}