,campaign,clicks,impressions,cost,ctr,cpc,spend_share,efficiency_score
0,App_Launch,470,20600,1280,0.022815533980582524,2.723404255319149,32.323232323232325,0.008377578883495145
1,Brand_Awareness,130,21000,670,0.006190476190476191,5.153846153846154,16.91919191919192,0.001201137171286425
2,Festive_Offer,750,23500,1370,0.031914893617021274,1.8266666666666667,34.5959595959596,0.017471657089610185
3,Summer_Sale,275,12200,640,0.022540983606557378,2.327272727272727,16.161616161616163,0.009685578893442624
