{
  "model_version": "1.0",
  "schema_version": "1.0",
  "n_features": 10,
  "weights": [
    -0.8065504186295019,
    -12.104803588262353,
    26.095404705888186,
    13.04635879722209,
    -18.426479397876797,
    4.565673697860275,
    -0.9348294252179932,
    8.027398407628988,
    29.002051748839126,
    5.42357762433911
  ],
  "bias": 149.06999999999988,
  "mu": [
    -0.0013976780676546842,
    -0.00047588990930155767,
    -0.002009672461497846,
    -0.0013901551978823944,
    -0.0020367837919996277,
    -0.0016421613969947514,
    0.002061245165442003,
    -0.0029538929827672106,
    -0.0027232431077922406,
    -0.002499820874559128
  ],
  "sigma": [
    0.04866547190895399,
    0.04753255005726237,
    0.046516741984676396,
    0.046776293469344005,
    0.04683331479871663,
    0.047028840437583846,
    0.049233950661440484,
    0.04736892830305155,
    0.04581930045492463,
    0.047484299422876325
  ]
}