{
  "type": "Pipeline",
  "steps": [
    {
      "type": "RobustScalerSafe",
      "q_low": 25.0,
      "q_high": 75.0,
      "eps": 1e-12,
      "n_features": 30,
      "median": [
        13.274999999999999,
        18.7,
        85.98,
        546.25,
        0.094625,
        0.09128,
        0.06188,
        0.03411,
        0.1788,
        0.061325000000000005,
        0.3194,
        1.108,
        2.2785,
        24.83,
        0.0064135,
        0.0205,
        0.02614,
        0.01116,
        0.018695,
        0.0032185,
        14.975000000000001,
        25.155,
        97.745,
        687.6,
        0.13115,
        0.20925,
        0.2262,
        0.09927,
        0.28075,
        0.080165
      ],
      "iqr": [
        4.3375,
        5.384999999999998,
        29.820000000000007,
        371.22499999999997,
        0.01892500000000001,
        0.0671675,
        0.09749,
        0.05327,
        0.033975000000000005,
        0.008342499999999996,
        0.23297500000000002,
        0.6028,
        1.5984999999999998,
        26.249999999999996,
        0.0031195,
        0.019007499999999997,
        0.027320000000000004,
        0.006694750000000001,
        0.0076124999999999995,
        0.00225775,
        5.632500000000004,
        8.34,
        40.75750000000001,
        539.7,
        0.031674999999999995,
        0.19427500000000003,
        0.268225,
        0.09651500000000002,
        0.06787499999999999,
        0.02059000000000001
      ]
    },
    {
      "type": "MinMaxSafe",
      "clip": true,
      "eps": 1e-12,
      "n_features": 30,
      "min": [
        -1.2873775216138326,
        -1.6694521819870012,
        -1.2622401073105296,
        -1.012458751431073,
        -1.696961690885072,
        -1.0704581829009563,
        -0.634731767360755,
        -0.6403228834240662,
        -1.8278145695364232,
        -1.3623014683847783,
        -0.8923704260113747,
        -1.2405441274054414,
        -0.9518298404754459,
        -0.6867809523809524,
        -1.200993748998237,
        -0.9600420886492176,
        -0.9568081991215226,
        -1.666977855782516,
        -1.4204269293924467,
        -1.0292104971763925,
        -1.1179760319573895,
        -1.574940047961631,
        -1.0612770655707537,
        -0.8597368908652955,
        -1.575374901341752,
        -0.9004246557714577,
        -0.8433218380091342,
        -1.0285447857845929,
        -1.830570902394107,
        -1.2202525497814467
      ],
      "max": [
        3.4201729106628243,
        3.821727019498609,
        3.43796109993293,
        5.265674456192337,
        3.634081902245704,
        3.2771801838686865,
        3.743153143912197,
        3.136662286465177,
        3.6850625459896977,
        4.329038058136052,
        10.960832707372036,
        4.2120106171201055,
        12.324992180168909,
        19.709333333333337,
        7.923224875781377,
        6.044982243851112,
        13.538067349926793,
        6.218305388550729,
        5.617733990147784,
        11.791163769239285,
        3.739902352418994,
        2.923860911270983,
        3.7650739127767885,
        6.608115619788771,
        2.754538279400159,
        3.7506112469437647,
        2.5247460154720853,
        1.8269699010516498,
        5.643462246777164,
        4.508742107819327
      ],
      "scale": [
        4.707550432276657,
        5.49117920148561,
        4.70020120724346,
        6.27813320762341,
        5.331043593130776,
        4.347638366769643,
        4.377884911272952,
        3.7769851698892434,
        5.512877115526121,
        5.691339526520831,
        11.853203133383412,
        5.452554744525547,
        13.276822020644355,
        20.39611428571429,
        9.124218624779614,
        7.005024332500329,
        14.494875549048317,
        7.8852832443332455,
        7.03816091954023,
        12.820374266415676,
        4.8578783843763835,
        4.498800959232614,
        4.826350978347542,
        7.467852510654066,
        4.329913180741912,
        4.651035902715222,
        3.3680678534812194,
        2.8555146868362424,
        7.47403314917127,
        5.728994657600773
      ]
    }
  ]
}